Carl Schmertmann,,Complete Set of CT & QS Fits to 226 5-year schedules,,,,,,,,,,,,,,,,,,
26 May 2003,,Source for Original Data: US Census International Database,,,,,,,,,,,,,,,,,,
,,http://www.census.gov/ipc/www/idbacc.html    [downloaded on 17 June 2002],,,,,,,,,,,,,,,,,,
,,,,,,,,,,,,,,,,,,,,
,US Census Data Base (1000 5fx),,,,,,,,,COALE-TRUSSELL FIT,,,,,,QS FIT,,,,
2002 SCHEDULE,TFR,5f15,5f20,5f25,5f30,5f35,5f40,5f45,,tfr,a0,k,m,RE,,R,alpha,P,H,RE
Afghanistan,5.72,88.2,259.7,280.1,237.8,176.9,76.6,24.3,,5.67,13.5,0.59,0.30,1.9,,0.290,13.0,24.7,39.1,2.7
Albania,2.27,12.4,113.2,155.9,112.0,43.9,14.4,2.2,,2.28,14.8,1.27,1.99,5.0,,0.166,15.5,26.8,34.2,4.6
Algeria,2.63,22.8,119.9,161.7,132.0,62.5,23.4,4.1,,2.63,13.0,1.65,1.70,4.7,,0.171,13.9,27.2,35.6,4.4
American Samoa,3.40,39.6,163.9,220.1,155.8,74.6,24.1,0.3,,3.41,12.5,2.48,2.36,1.3,,0.228,13.4,27.0,34.7,1.4
Andorra,1.26,9.0,37.9,91.7,78.9,28.8,5.9,0.5,,1.24,18.2,1.94,3.07,9.5,,0.100,15.2,30.0,35.1,4.0
Angola,6.43,118.4,283.5,306.9,260.1,192.8,92.0,32.2,,6.35,12.2,0.67,0.28,2.0,,0.315,11.3,24.8,39.4,2.3
Anguilla,1.77,15.1,70.1,119.2,95.7,39.6,12.2,2.5,,1.76,15.3,2.40,2.65,5.9,,0.125,13.4,28.8,35.1,1.4
Antig & Barb,2.29,111.8,150.1,108.2,56.5,25.4,5.8,0.8,,2.42,0.0,1.75,1.82,0.5,,0.154,8.4,21.8,30.2,1.0
Argentina,2.41,54.8,114.1,132.8,106.3,54.8,16.5,1.9,,2.45,6.2,3.83,1.81,5.0,,0.140,5.6,27.3,35.7,3.8
Armenia,1.53,45.6,136.7,73.1,33.9,13.8,3.2,0.0,,1.52,18.3,0.02,2.15,2.8,,0.162,18.3,18.8,27.0,2.7
Aruba,1.80,28.1,88.7,112.6,81.1,35.9,11.2,1.5,,1.80,11.5,3.19,2.49,3.2,,0.118,11.6,27.0,34.5,2.4
Australia,1.77,18.4,60.7,114.8,104.1,46.1,8.5,0.4,,1.76,16.0,2.41,2.56,10.5,,0.125,11.9,30.1,35.7,2.5
Austria,1.40,14.8,69.6,98.1,65.6,25.2,5.2,0.4,,1.40,14.4,2.74,3.05,3.6,,0.103,13.6,27.4,33.8,2.3
Azerbaijan,2.29,25.1,177.1,142.6,76.6,29.2,6.9,0.6,,2.31,16.6,0.37,1.69,2.5,,0.191,17.0,22.7,30.7,1.8
Bahamas,2.28,53.8,115.1,118.7,100.9,53.9,12.1,1.2,,2.35,4.9,3.04,1.52,5.8,,0.130,8.1,25.8,35.9,6.7
Bahrain,2.75,15.9,104.1,160.4,141.1,83.9,34.3,10.3,,2.72,14.1,1.24,1.10,3.2,,0.167,14.6,27.7,37.5,3.0
Bangladesh,2.72,100.7,148.4,139.2,96.0,42.0,16.3,1.1,,2.83,0.0,2.45,1.40,4.9,,0.155,0.6,24.9,33.7,2.8
Barbados,1.65,47.4,95.3,94.8,63.7,23.2,4.1,0.3,,1.70,5.6,3.83,2.34,6.0,,0.106,7.5,25.5,33.1,5.4
Belarus,1.31,31.5,111.0,73.9,32.4,10.8,2.1,0.0,,1.32,15.3,0.41,2.18,1.2,,0.117,16.1,21.8,29.1,0.8
Belgium,1.61,9.6,61.8,125.4,87.4,29.7,7.7,1.0,,1.59,17.9,2.37,3.65,4.9,,0.130,15.8,28.6,34.1,2.9
Belize,3.96,89.9,200.2,207.2,158.9,93.9,37.2,3.9,,4.00,8.8,1.32,0.98,1.1,,0.220,10.4,24.9,36.1,1.5
Benin,6.14,126.4,270.2,292.1,246.2,165.9,84.0,42.4,,6.02,10.5,0.88,0.42,4.2,,0.300,9.6,25.1,38.8,3.1
Bermuda,1.81,36.7,84.7,102.5,87.3,39.0,11.1,0.6,,1.84,8.6,3.59,1.99,8.2,,0.110,5.3,28.7,35.5,5.4
Bhutan,5.00,77.9,227.9,250.9,212.1,149.4,64.5,17.9,,4.98,12.8,0.72,0.42,1.6,,0.260,12.5,25.1,38.6,2.4
Bolivia,3.37,58.8,158.1,172.8,141.5,90.1,42.0,10.6,,3.35,11.8,0.88,0.62,2.1,,0.180,11.9,25.2,37.6,1.5
Bosnia & Herz,1.71,36.9,126.7,102.3,52.4,18.9,4.5,0.9,,1.72,13.9,0.67,1.95,1.9,,0.135,14.9,23.2,30.7,1.1
Botswana,3.60,59.7,152.1,170.3,147.8,107.3,60.9,22.6,,3.53,12.8,0.62,0.18,4.3,,0.172,11.5,25.1,40.1,2.4
Brazil,2.05,43.8,101.9,118.6,88.0,41.1,14.2,2.4,,2.07,8.1,3.79,2.14,3.9,,0.125,8.8,26.6,34.9,2.6
Brunei,2.40,23.7,100.4,143.0,121.9,63.9,23.2,4.3,,2.40,12.3,2.59,1.98,3.3,,0.150,12.9,27.8,36.4,3.2
Bulgaria,1.13,44.2,88.3,60.3,23.6,7.5,1.7,0.1,,1.14,9.5,1.21,2.78,0.1,,0.092,12.7,22.6,29.1,1.0
Burkina Faso,6.26,128.1,283.4,287.1,248.0,184.9,89.0,32.2,,6.19,12.9,0.51,0.19,2.0,,0.299,11.9,23.7,39.6,2.4
Burma,2.23,18.3,86.1,129.7,111.5,65.1,29.3,5.0,,2.21,13.0,1.55,1.26,2.6,,0.134,13.7,27.7,37.4,1.4
Burundi,6.07,66.1,254.6,290.8,254.5,195.1,100.7,52.9,,5.90,14.9,0.47,0.11,4.3,,0.294,14.1,24.8,40.5,3.8
Cambodia,4.66,21.2,196.9,227.0,214.9,160.2,89.1,22.7,,4.61,17.0,0.32,0.02,3.2,,0.237,16.7,24.4,40.9,2.5
Cameroon,4.72,125.2,214.9,228.0,177.2,123.5,56.6,17.7,,4.75,5.0,1.53,0.65,2.7,,0.233,5.0,24.9,37.9,2.2
Canada,1.60,21.9,68.4,108.2,87.2,29.7,5.2,0.3,,1.61,14.7,2.78,2.81,11.9,,0.116,10.6,29.3,34.6,2.2
Cape Verde,3.91,86.2,185.4,194.5,155.1,103.5,54.6,2.2,,3.93,10.9,0.82,0.50,2.4,,0.201,10.6,24.5,37.9,1.7
Cayman Isl,2.03,54.6,106.3,116.2,90.4,26.5,10.0,0.4,,2.08,6.4,3.75,2.17,10.4,,0.125,1.1,28.7,34.3,7.3
C. African Rep,4.77,138.1,219.8,224.5,186.2,109.7,55.1,20.6,,4.83,0.0,2.40,0.84,4.3,,0.235,2.3,25.3,37.4,3.3
Chad,6.50,189.4,307.8,308.2,251.1,164.8,66.6,12.7,,6.68,0.0,2.39,0.84,1.2,,0.326,3.8,24.6,37.4,1.9
Chile,2.13,42.7,103.2,122.2,95.4,45.9,13.9,1.3,,2.16,8.4,3.58,2.05,4.6,,0.129,8.9,26.9,35.2,3.9
China,1.82,9.6,13.7,132.4,134.1,55.2,19.1,2.7,,1.76,21.6,0.92,2.66,6.0,,0.164,21.7,29.6,35.6,4.5
Colombia,2.64,50.4,133.0,143.3,108.1,63.9,23.1,5.8,,2.64,10.5,1.19,1.03,1.5,,0.151,11.7,25.2,35.9,1.8
Comoros,5.26,67.3,202.8,249.3,256.2,168.3,79.6,29.4,,5.21,10.2,1.42,0.56,6.0,,0.269,10.7,27.4,39.8,6.6
Congo (Brazzaville),4.94,104.7,211.1,231.2,204.2,142.0,72.1,21.9,,4.92,9.0,1.05,0.37,2.6,,0.238,7.9,25.5,39.4,2.1
Congo (Kinshasa),6.77,114.7,287.0,314.7,258.1,204.7,128.7,45.7,,6.59,14.0,0.43,0.05,6.6,,0.310,12.5,24.0,40.9,4.7
Cook Islands,3.15,50.3,165.3,198.2,124.1,64.0,24.4,2.6,,3.13,11.2,1.79,1.93,2.4,,0.206,12.8,26.0,34.1,2.0
Costa Rica,2.42,62.4,117.8,133.7,100.0,49.9,17.1,1.9,,2.46,4.6,4.18,1.84,4.9,,0.139,4.6,26.8,35.2,2.1
Cote d'Ivoire,5.61,142.8,238.9,242.6,227.2,166.8,78.7,24.6,,5.67,6.9,1.04,0.22,3.0,,0.256,4.0,24.9,40.1,3.7
Croatia,1.94,21.6,112.5,127.2,83.1,34.4,7.5,0.5,,1.95,13.8,1.10,1.84,3.9,,0.140,14.7,25.5,33.3,3.9
Cuba,1.60,69.6,97.1,88.5,46.1,16.3,2.9,0.3,,1.69,0.0,2.65,1.96,7.6,,0.103,0.0,24.8,31.6,1.5
Cyprus,1.90,13.0,89.2,134.5,95.5,37.2,9.7,1.3,,1.91,15.4,2.80,3.12,3.4,,0.141,14.7,27.6,34.2,2.9
Czech Rep,1.18,18.0,85.6,82.8,36.2,12.0,1.7,0.0,,1.19,13.8,1.19,2.90,0.6,,0.100,15.0,24.7,30.9,1.7
Denmark,1.73,9.1,59.7,125.6,102.4,39.4,9.1,1.0,,1.72,17.4,2.12,3.03,6.5,,0.134,15.2,29.4,34.9,1.1
Djibouti,5.64,180.1,276.0,258.5,187.8,137.7,58.9,29.2,,5.64,9.8,0.63,0.48,3.7,,0.280,10.7,21.9,36.9,3.9
Dominica,2.01,24.2,87.9,128.5,101.5,44.1,14.4,1.6,,2.01,13.3,2.91,2.48,5.0,,0.135,12.0,28.2,35.1,2.4
Dominican Rep,2.94,97.5,178.6,150.8,108.7,38.4,13.9,0.9,,3.04,4.4,2.07,1.69,5.7,,0.185,10.2,23.4,32.7,5.9
Ecuador,3.05,65.5,147.2,159.4,123.2,73.8,35.9,5.5,,3.06,9.1,1.29,0.88,2.1,,0.166,10.0,25.2,36.7,1.0
Egypt,2.99,44.1,154.6,179.8,125.7,66.8,22.4,5.3,,2.99,11.9,1.31,1.46,1.0,,0.189,13.1,25.8,34.8,1.2
El Salvador,3.29,99.8,188.2,159.1,114.3,63.3,26.5,7.1,,3.29,12.2,0.53,0.82,2.1,,0.192,13.5,21.6,34.1,1.7
Eq Guinea,4.81,143.8,239.3,232.1,169.1,116.4,46.7,15.0,,4.87,7.5,1.03,0.67,2.3,,0.248,8.7,23.4,36.5,2.5
Eritrea,5.80,117.2,232.7,258.8,234.9,178.8,103.4,34.6,,5.73,11.0,0.70,0.06,3.9,,0.262,7.7,25.4,41.1,1.9
Estonia,1.24,26.8,85.5,74.7,41.1,16.3,3.4,0.2,,1.25,12.9,0.86,1.87,2.0,,0.092,14.1,23.7,31.4,1.8
Ethiopia,6.94,114.6,267.6,292.5,264.9,226.4,129.7,92.6,,6.61,14.3,0.35,-0.17,7.4,,0.287,11.8,24.2,42.7,6.9
Faroe Isl,2.27,14.5,101.1,162.3,114.9,47.9,12.4,0.8,,2.28,15.5,2.52,2.99,2.1,,0.169,14.9,27.8,34.4,1.4
Fiji,2.83,44.8,159.2,166.9,113.4,56.5,20.1,5.9,,2.82,12.9,0.93,1.32,2.0,,0.182,13.8,24.8,34.1,1.9
Finland,1.70,10.0,63.1,118.2,96.2,38.2,12.8,1.9,,1.69,16.4,2.29,2.83,5.6,,0.125,14.6,29.0,35.1,1.5
France,1.75,7.3,55.3,129.6,104.9,42.2,9.1,0.5,,1.73,18.0,2.06,3.13,5.1,,0.139,16.4,29.3,34.9,2.7
French Guiana,3.13,77.3,158.0,181.1,120.6,62.8,21.4,4.9,,3.17,6.5,4.60,2.17,3.4,,0.188,7.3,26.2,34.5,1.1
French Poly,2.18,29.7,105.7,134.7,104.1,45.4,15.2,2.0,,2.19,11.8,2.99,2.38,3.9,,0.142,12.2,27.2,34.9,4.2
Gabon,3.65,138.4,164.3,161.9,120.7,85.9,36.9,21.9,,3.76,0.0,1.11,0.41,5.4,,0.170,0.0,22.3,37.4,4.8
Gambia,5.61,166.9,256.3,259.0,201.3,141.7,64.5,31.9,,5.65,4.2,1.33,0.53,3.4,,0.268,3.6,24.0,37.9,3.2
Gaza Strip,6.29,121.3,294.3,303.4,247.3,189.8,98.0,4.8,,6.32,13.5,0.48,0.23,2.2,,0.313,12.8,23.6,39.3,2.3
Georgia,1.48,44.0,131.0,65.0,37.1,14.6,3.5,0.2,,1.46,18.3,0.02,2.09,6.7,,0.152,18.3,18.8,27.1,6.4
Germany,1.39,9.8,55.9,94.1,79.3,30.4,6.7,0.6,,1.39,15.9,2.60,2.86,8.1,,0.102,13.4,29.2,35.0,3.6
Ghana,3.69,67.0,150.8,183.9,158.2,103.3,57.9,16.1,,3.65,8.5,1.47,0.63,4.6,,0.186,8.7,26.5,39.0,2.4
Gibraltar,1.65,9.7,61.0,114.2,92.9,36.8,12.6,1.9,,1.63,16.5,2.40,2.90,5.7,,0.121,14.6,29.0,35.1,1.6
Greece,1.34,12.1,59.6,96.1,68.9,26.2,5.3,0.6,,1.34,15.4,2.51,3.00,5.3,,0.100,13.7,28.3,34.2,1.4
Greenland,2.43,74.1,147.1,129.6,87.0,37.4,11.3,0.2,,2.49,7.0,1.63,1.61,3.5,,0.154,10.9,23.7,32.9,3.7
Grenada,2.50,76.4,119.5,131.1,83.1,53.2,30.2,5.7,,2.53,0.4,10.88,1.71,7.2,,0.131,3.2,25.1,35.7,5.5
Guadeloupe,1.92,17.8,80.0,128.9,99.2,41.8,14.2,2.2,,1.91,14.7,2.55,2.65,4.8,,0.134,13.4,28.4,35.0,1.4
Guam,3.73,74.6,205.9,230.6,148.8,67.3,16.4,2.0,,3.77,9.9,3.53,2.60,1.6,,0.246,11.4,25.9,33.6,1.9
Guatemala,4.51,94.4,216.2,231.3,174.0,126.9,50.1,8.6,,4.52,11.1,0.86,0.59,2.3,,0.238,11.1,24.7,37.4,2.8
Guernsey,1.36,18.2,47.4,84.5,83.6,27.5,8.4,0.5,,1.33,15.6,2.61,2.60,16.7,,0.096,9.7,30.9,35.5,2.6
Guinea,5.32,87.8,247.5,263.8,220.8,156.9,68.1,18.4,,5.29,13.1,0.64,0.39,1.5,,0.275,12.7,24.6,38.5,2.2
Guinea-Bissau,5.13,86.9,239.2,260.0,219.0,144.8,63.1,13.7,,5.13,12.0,0.83,0.54,1.8,,0.272,12.0,25.1,38.0,2.0
Guyana,2.09,23.2,91.1,130.0,104.7,47.1,18.0,3.0,,2.08,13.1,3.00,2.42,4.5,,0.136,12.5,27.9,35.4,3.2
Haiti,4.30,64.1,163.4,211.3,192.5,145.5,64.8,18.5,,4.28,9.1,1.53,0.54,1.9,,0.217,9.7,27.3,40.0,3.0
Honduras,4.03,100.4,192.2,184.0,148.4,112.6,59.6,9.2,,4.02,13.5,0.37,0.22,1.8,,0.195,13.5,21.6,39.0,1.2
Hong Kong,1.30,5.6,39.0,90.6,86.6,33.6,5.2,0.2,,1.31,18.5,2.21,3.12,11.5,,0.103,15.1,30.5,35.5,1.4
Hungary,1.25,25.2,76.2,86.0,43.6,15.5,3.0,0.1,,1.26,12.1,3.24,3.36,3.5,,0.093,12.2,25.9,32.1,1.4
Iceland,2.00,19.0,83.8,129.8,105.6,50.1,9.8,0.9,,2.01,14.4,2.88,2.59,5.3,,0.137,12.8,28.6,35.3,4.3
India,2.98,51.4,182.1,167.8,108.7,54.1,23.8,7.6,,2.95,14.4,0.56,1.13,2.5,,0.195,14.9,23.4,33.3,2.0
Indonesia,2.54,50.2,124.8,141.9,105.3,59.6,21.5,5.1,,2.55,7.8,2.33,1.55,1.0,,0.148,10.4,25.9,35.7,1.4
Iran,2.01,19.3,86.8,136.4,100.5,42.5,15.1,2.1,,2.00,14.4,2.54,2.66,4.0,,0.141,13.5,28.1,34.8,1.0
Iraq,4.63,44.4,166.7,213.3,237.6,155.3,85.8,23.6,,4.59,11.9,1.16,0.35,7.5,,0.237,11.8,27.9,40.6,7.6
Ireland,1.90,17.9,50.4,103.7,130.1,66.0,11.8,0.4,,1.88,17.4,2.38,2.33,17.4,,0.136,10.8,32.8,37.2,1.4
Israel,2.54,15.4,106.4,168.8,132.4,65.4,17.0,1.9,,2.55,14.7,2.56,2.55,2.6,,0.176,14.7,27.9,35.4,3.1
Italy,1.19,6.7,37.1,81.4,75.1,32.0,6.5,0.3,,1.19,17.6,2.23,2.86,8.8,,0.090,14.6,30.2,35.6,2.1
Jamaica,2.05,36.1,91.4,121.5,95.1,44.1,18.2,2.9,,2.05,10.4,3.60,2.19,5.6,,0.126,9.3,27.7,35.5,2.4
Japan,1.42,4.2,40.8,111.5,95.5,28.2,3.5,0.2,,1.43,19.4,1.92,3.62,11.0,,0.125,17.1,30.0,34.5,1.5
Jersey,1.57,14.5,56.8,92.8,102.2,39.7,7.3,0.6,,1.58,15.7,2.73,2.48,16.9,,0.112,10.0,31.4,36.0,4.5
Jordan,3.15,17.9,123.1,174.1,158.4,107.8,43.6,4.7,,3.17,14.6,0.89,0.62,2.3,,0.182,14.9,27.0,38.7,4.3
Kazakhstan,2.12,46.3,157.1,122.2,63.2,27.7,6.1,0.6,,2.12,14.7,0.50,1.71,0.9,,0.165,15.3,22.6,30.6,1.2
Kenya,3.34,65.1,164.0,172.6,146.2,76.7,33.7,9.6,,3.34,9.5,1.36,1.00,5.0,,0.186,10.9,25.4,36.5,4.8
Kiribati,4.32,58.5,191.2,222.7,189.8,133.4,55.8,12.4,,4.31,12.8,0.82,0.49,1.4,,0.230,12.7,25.7,38.6,2.4
N Korea,2.22,2.9,67.9,258.4,89.9,19.4,4.5,1.0,,2.20,21.4,0.41,3.69,1.3,,0.343,23.7,24.4,29.7,2.2
S Korea,1.72,3.1,62.7,178.5,77.7,18.8,3.3,0.4,,1.69,20.8,2.28,5.96,2.6,,0.205,21.8,25.5,31.1,1.1
Kuwait,3.14,32.4,130.0,170.3,143.8,107.2,35.9,9.1,,3.15,12.9,1.02,0.65,3.3,,0.175,13.3,26.6,38.5,4.3
Kyrgyzstan,3.16,53.6,217.1,180.4,110.8,52.5,14.1,2.4,,3.17,15.4,0.42,1.29,2.2,,0.228,15.9,22.6,32.0,1.6
Laos,5.03,80.8,219.6,254.2,214.3,148.5,67.0,22.2,,4.98,11.5,0.94,0.51,1.7,,0.260,11.4,25.8,38.6,2.1
Latvia,1.18,20.0,85.2,71.0,38.7,15.7,4.3,0.4,,1.18,15.0,0.53,1.68,1.6,,0.091,15.6,23.1,31.1,1.1
Lebanon,2.02,14.2,77.6,134.1,108.7,47.5,17.8,3.2,,1.99,15.3,2.42,2.59,5.1,,0.141,14.1,28.7,35.4,1.9
Lesotho,4.01,50.8,194.5,209.5,172.6,114.1,48.6,11.8,,3.99,14.3,0.58,0.50,2.0,,0.221,14.3,24.6,37.7,2.1
Liberia,6.29,172.8,270.7,262.1,214.8,171.8,107.5,59.1,,6.05,16.4,0.01,0.03,7.2,,0.268,12.8,20.8,40.7,6.2
Libya,3.57,9.1,73.9,168.6,200.0,157.9,85.3,18.6,,3.52,15.9,1.07,0.30,3.6,,0.204,14.6,31.2,41.5,1.5
Liechtenstein,1.50,9.8,43.2,95.2,102.6,42.8,6.2,0.2,,1.50,18.0,2.10,2.70,15.3,,0.115,13.3,31.4,36.1,1.5
Lithuania,1.40,29.8,100.0,83.5,44.8,18.1,3.9,0.2,,1.41,13.8,0.68,1.80,1.7,,0.107,14.7,23.3,31.1,1.4
Luxembourg,1.70,10.0,63.1,118.3,96.1,38.0,12.8,1.9,,1.68,16.4,2.27,2.83,5.7,,0.125,14.6,29.0,35.1,1.5
Macau,1.32,6.8,44.1,99.6,75.2,28.8,7.8,0.6,,1.29,17.9,2.04,3.25,4.2,,0.104,16.4,28.9,34.6,3.3
Macedonia,1.77,15.6,80.5,121.9,89.2,34.1,11.2,1.7,,1.77,14.7,2.55,2.83,4.3,,0.128,13.8,27.9,34.4,2.6
Madagascar,5.77,172.1,269.0,247.7,209.5,146.7,84.5,23.9,,5.71,13.0,0.32,0.20,3.0,,0.271,14.0,20.0,38.8,2.0
Malawi,5.04,110.2,211.7,218.2,200.9,143.5,84.0,39.2,,4.92,11.9,0.55,0.07,5.0,,0.225,9.4,24.2,40.7,4.0
Malaysia,3.18,16.4,121.0,202.1,168.6,93.9,31.4,3.2,,3.19,14.4,1.70,1.75,1.3,,0.210,15.0,28.1,36.5,2.2
Maldives,5.38,100.5,231.6,263.8,222.5,155.5,75.9,26.2,,5.32,10.4,1.00,0.45,2.7,,0.268,9.8,25.7,39.0,1.6
Mali,6.73,184.3,298.7,300.7,247.7,204.3,90.3,20.8,,6.80,10.1,0.63,0.17,2.7,,0.310,7.7,23.6,39.7,3.1
Malta,1.91,17.2,79.4,141.6,95.2,40.0,8.6,0.4,,1.90,16.0,2.32,3.08,4.2,,0.144,14.3,28.3,34.3,4.1
Isle of Man,1.65,9.7,61.0,114.3,93.0,36.8,12.6,1.9,,1.63,16.6,2.49,2.96,5.9,,0.121,14.6,29.0,35.1,1.6
Marshall Isl,6.49,141.7,346.9,316.6,225.9,162.4,79.1,25.4,,6.39,14.8,0.32,0.48,3.3,,0.352,15.5,20.9,36.5,3.3
Martinique,1.79,20.1,67.1,112.3,99.1,46.2,12.7,1.4,,1.79,14.3,2.76,2.36,7.9,,0.121,11.4,29.5,35.9,1.6
Mauritania,6.15,127.3,221.2,264.4,256.0,215.3,113.0,32.9,,6.18,5.0,1.46,0.06,2.2,,0.272,1.9,28.2,41.9,3.0
Mauritius,2.00,30.4,112.8,126.7,83.3,35.4,9.7,0.9,,2.01,11.8,1.63,2.04,2.6,,0.137,13.3,25.7,33.5,2.9
Mayotte,6.15,232.4,290.5,295.4,197.3,119.3,50.4,45.6,,6.23,0.0,1.56,0.79,8.2,,0.310,0.0,23.7,35.3,6.3
Mexico,2.57,42.2,114.2,145.7,118.6,64.7,25.3,4.1,,2.58,9.3,3.45,1.90,2.6,,0.151,10.2,27.2,36.4,1.8
Micronesia,3.83,67.1,198.6,220.0,154.6,89.3,32.3,4.6,,3.84,11.4,1.18,1.21,0.5,,0.231,12.5,25.3,35.2,0.8
Moldova,1.71,55.0,128.6,94.1,43.6,15.7,3.7,0.4,,1.72,12.1,0.78,2.16,0.7,,0.134,13.7,22.6,29.9,0.6
Monaco,1.76,9.4,71.9,133.8,91.4,36.7,8.5,0.8,,1.75,16.7,2.18,3.20,2.1,,0.138,15.8,28.1,34.2,2.2
Mongolia,2.37,29.2,158.8,138.5,82.0,42.9,16.6,5.8,,2.35,16.2,0.37,1.20,1.5,,0.169,16.5,22.7,32.3,1.6
Montenegro,1.95,20.1,105.8,130.6,87.1,35.5,9.1,1.3,,1.96,13.4,1.49,2.13,3.4,,0.140,14.4,26.2,33.7,3.4
Montserrat,1.81,16.1,77.0,126.3,92.8,36.2,11.8,1.8,,1.79,15.2,2.49,2.85,4.8,,0.131,13.7,28.3,34.5,1.1
Morocco,2.97,27.6,103.7,158.7,142.7,91.7,49.6,20.1,,2.88,12.5,1.33,0.78,6.5,,0.161,12.8,27.9,39.1,3.7
Mozambique,4.71,135.3,222.1,207.9,174.4,105.7,76.0,19.7,,4.65,11.9,0.46,0.30,5.8,,0.224,12.0,21.7,38.4,4.8
Namibia,4.77,92.9,183.6,221.0,189.8,145.2,90.1,31.3,,4.68,10.3,0.84,0.11,6.7,,0.216,6.8,26.1,41.1,3.9
Nauru,3.50,56.9,171.1,196.4,158.7,101.9,15.0,0.4,,3.59,9.3,2.07,1.45,6.8,,0.209,11.7,26.2,36.2,7.8
Nepal,4.48,75.0,202.2,223.8,190.2,129.7,56.9,19.0,,4.45,11.9,0.84,0.49,2.2,,0.232,11.7,25.3,38.4,2.6
Netherlands,1.65,8.0,52.5,111.1,105.1,40.6,11.0,1.4,,1.64,17.7,2.32,2.95,9.9,,0.125,14.5,30.2,35.6,1.5
Neth Antilles,2.06,34.0,93.6,123.2,99.4,44.5,15.0,1.4,,2.07,11.0,3.34,2.24,5.9,,0.130,9.8,27.9,35.3,3.7
New Caledonia,2.44,29.9,113.0,157.2,112.8,52.6,19.1,2.6,,2.43,12.8,2.94,2.53,2.5,,0.162,12.8,27.3,34.8,0.7
New Zealand,1.80,14.0,69.9,125.4,98.7,37.8,11.7,1.7,,1.78,16.0,2.32,2.84,6.1,,0.132,13.9,29.0,34.8,1.0
Nicaragua,3.09,92.8,152.9,153.3,119.1,66.2,27.1,6.5,,3.16,0.0,2.91,1.19,2.8,,0.164,3.4,25.1,35.9,2.4
Niger,7.00,199.1,300.7,302.5,276.8,192.2,89.2,38.7,,7.10,0.0,1.84,0.41,3.8,,0.318,0.6,25.3,39.4,4.1
Nigeria,5.49,124.1,228.4,251.7,208.5,149.8,84.0,51.1,,5.34,9.8,0.82,0.25,6.8,,0.251,6.9,25.0,39.8,5.0
N Mariana Isl,1.76,59.3,76.2,92.4,67.8,39.5,12.1,1.4,,1.81,0.0,2.49,0.98,9.8,,0.093,0.0,26.8,35.9,5.6
Norway,1.80,11.8,69.2,128.2,101.6,40.1,9.4,1.0,,1.80,16.6,2.43,3.01,5.8,,0.136,14.4,29.0,34.8,0.6
Oman,5.99,106.2,319.9,306.9,227.7,149.7,71.3,16.5,,5.94,14.5,0.44,0.55,1.7,,0.334,14.7,22.7,36.5,1.3
Pakistan,4.25,47.2,182.7,228.4,197.7,116.0,60.5,18.1,,4.19,12.9,0.99,0.73,4.7,,0.236,13.2,26.4,37.9,3.8
Palau,2.47,62.6,114.9,141.5,106.6,55.9,12.1,0.0,,2.54,5.9,4.12,1.88,8.0,,0.145,3.7,28.0,35.3,3.0
Panama,2.22,41.8,104.1,134.3,102.5,44.3,14.5,2.4,,2.23,10.3,3.42,2.27,6.1,,0.141,8.9,27.6,34.9,2.7
Papua New Guinea,4.21,63.6,195.8,210.8,170.4,105.2,68.2,28.4,,4.08,13.9,0.56,0.41,6.6,,0.216,13.5,24.3,38.3,5.3
Paraguay,4.07,94.9,191.7,201.2,150.9,105.8,55.0,14.0,,4.04,10.9,0.77,0.49,3.8,,0.206,10.4,24.2,37.8,2.8
Peru,2.89,49.6,134.5,149.5,125.0,79.6,33.8,5.6,,2.90,11.1,1.04,0.70,1.6,,0.156,11.5,25.5,37.6,1.8
Philippines,3.35,39.2,155.5,192.7,144.7,97.3,34.9,6.1,,3.35,13.3,0.93,0.86,2.2,,0.196,13.7,25.9,36.8,2.6
Poland,1.37,16.8,83.2,94.0,51.8,21.8,5.1,0.3,,1.37,13.7,1.21,2.24,0.4,,0.103,14.7,25.4,32.5,1.2
Portugal,1.48,19.7,62.1,100.3,79.2,29.9,6.3,0.5,,1.50,14.5,2.73,2.71,10.0,,0.106,11.1,29.1,34.7,1.1
Puerto Rico,1.90,73.0,110.4,97.4,65.2,26.8,5.8,0.4,,1.98,0.0,2.59,1.62,5.0,,0.114,2.6,24.2,32.8,4.3
Qatar,3.10,22.3,131.3,200.6,158.9,76.4,23.9,6.2,,3.09,14.1,2.42,2.37,3.3,,0.210,14.2,27.8,35.4,2.8
Reunion,2.55,41.0,131.7,148.1,110.5,56.1,20.2,3.2,,2.56,11.2,1.41,1.40,2.5,,0.157,12.5,25.7,35.1,2.5
Romania,1.35,35.9,97.8,79.2,38.4,14.3,3.7,0.4,,1.35,12.1,0.93,2.16,0.6,,0.104,13.8,23.3,30.6,0.5
Russia,1.30,38.8,105.4,70.5,32.4,11.0,2.2,0.1,,1.31,14.4,0.46,2.08,1.4,,0.110,15.2,21.8,29.2,0.8
Rwanda,4.72,32.2,173.6,236.7,226.3,163.6,87.4,23.8,,4.66,14.7,0.70,0.21,3.1,,0.245,14.4,26.8,40.6,3.0
St Helena,1.53,19.8,75.4,118.7,63.9,22.0,6.1,0.9,,1.50,15.8,2.62,3.66,6.8,,0.120,13.5,27.7,33.0,5.7
St Kitts & Nevis,2.39,60.8,127.6,134.8,83.3,50.2,19.5,1.7,,2.41,6.1,2.34,1.64,3.3,,0.142,9.7,24.9,34.4,3.0
St Lucia,2.34,46.3,104.9,138.3,102.2,54.6,19.3,1.6,,2.35,9.2,4.01,2.11,4.5,,0.141,8.2,27.4,35.6,1.1
St Pierre & Miq,2.10,27.5,104.4,144.4,91.7,37.2,12.3,1.7,,2.08,13.6,2.92,2.96,3.4,,0.149,13.0,27.2,33.8,0.9
St Vinc & Gren,2.01,28.4,84.3,128.3,99.4,43.4,15.4,2.1,,1.99,13.2,3.11,2.50,6.3,,0.133,10.9,28.5,35.2,0.8
Samoa,3.30,23.4,138.4,194.7,160.7,92.4,42.1,9.1,,3.28,14.3,1.01,0.99,2.9,,0.200,14.7,26.9,37.0,2.0
San Marino,1.30,3.5,33.8,93.9,89.2,35.9,3.1,1.2,,1.31,19.3,2.00,3.25,10.2,,0.108,16.7,30.4,35.4,3.8
Sao Tome  ,5.95,130.2,296.5,279.9,224.0,163.3,86.5,9.6,,5.94,14.4,0.33,0.28,1.6,,0.301,14.6,21.5,38.4,1.2
Saudi Arabia,6.21,98.3,286.5,325.6,262.1,182.9,68.0,17.8,,6.20,12.0,0.92,0.64,1.9,,0.336,12.2,25.5,37.7,2.6
Senegal,5.03,88.0,193.9,220.3,221.0,162.1,85.1,34.7,,4.96,9.9,0.96,0.13,4.5,,0.231,8.2,26.3,41.2,5.0
Serbia,1.76,29.7,114.2,114.0,64.6,23.3,5.9,0.7,,1.77,12.7,1.20,2.18,2.4,,0.131,14.1,24.8,32.1,2.1
Seychelles,1.81,14.0,70.1,120.7,99.4,41.8,13.9,2.0,,1.80,15.4,2.47,2.64,5.4,,0.128,13.6,28.9,35.3,1.8
Sierra Leone,5.94,154.8,269.2,296.6,230.6,136.8,48.5,50.7,,5.88,0.4,4.66,1.45,6.8,,0.306,3.7,26.2,36.5,4.8
Singapore,1.23,6.3,34.1,83.4,81.4,33.8,6.7,0.3,,1.22,18.4,2.15,2.95,10.4,,0.095,15.1,30.6,35.8,2.5
Slovakia,1.25,25.8,97.7,77.8,34.0,12.5,2.2,0.1,,1.25,14.1,0.72,2.34,0.5,,0.105,15.2,23.3,30.1,1.7
Slovenia,1.28,9.4,72.2,101.1,53.1,16.7,2.5,0.1,,1.28,16.1,2.60,3.98,1.2,,0.107,15.6,26.6,32.4,1.1
Solomon Isl,4.50,68.6,196.1,230.3,194.0,132.6,58.6,19.0,,4.46,11.6,0.97,0.57,1.6,,0.236,11.7,25.9,38.5,2.2
Somalia,7.05,58.5,248.3,316.0,286.6,261.7,140.8,97.3,,6.71,15.4,0.42,-0.21,8.1,,0.309,14.1,25.7,43.1,7.6
South Africa,2.38,41.2,119.0,138.1,92.7,50.5,24.4,9.7,,2.33,10.9,1.37,1.37,4.9,,0.142,12.1,25.7,35.0,3.8
Spain,1.16,7.7,28.4,79.5,82.3,30.4,5.0,0.3,,1.15,19.4,2.06,3.22,14.2,,0.094,15.5,31.1,35.7,3.7
Sri Lanka,1.93,13.6,77.5,129.3,103.3,44.9,14.7,2.3,,1.92,15.2,2.50,2.65,4.0,,0.136,14.1,28.5,35.2,1.7
Sudan,5.22,84.7,224.1,268.8,215.7,144.4,62.5,44.1,,5.07,10.8,1.14,0.70,4.7,,0.272,11.0,26.0,38.0,4.4
Suriname,2.44,30.3,109.2,150.7,116.5,57.1,20.4,3.1,,2.43,12.2,3.00,2.30,2.7,,0.156,12.3,27.5,35.5,1.6
Swaziland,5.77,61.6,236.4,260.6,245.8,200.0,99.9,50.5,,5.63,15.3,0.39,-0.06,3.8,,0.268,14.3,24.5,41.6,5.0
Sweden,1.54,7.3,54.6,109.8,90.0,37.8,7.6,0.4,,1.54,17.3,2.41,3.07,5.8,,0.117,15.1,29.2,35.1,1.5
Switzerland,1.48,6.0,48.6,107.1,92.5,33.8,6.1,0.4,,1.47,18.2,2.26,3.26,9.1,,0.118,15.4,29.8,35.0,0.6
Syria,3.84,53.4,152.7,206.0,172.2,122.2,59.1,1.7,,3.85,10.5,1.44,0.75,3.3,,0.206,11.2,27.1,38.9,2.5
Taiwan,1.76,14.5,78.4,143.4,87.8,23.5,3.9,0.2,,1.74,17.1,2.11,3.71,7.0,,0.148,14.7,28.5,33.2,2.5
Tajikistan,4.23,53.9,271.8,225.4,159.5,93.6,35.7,6.9,,4.23,17.1,0.21,0.77,1.5,,0.278,17.7,20.8,33.9,0.9
Tanzania,5.33,119.6,236.5,239.9,203.5,151.5,78.0,37.0,,5.22,12.4,0.52,0.18,3.5,,0.247,11.0,23.6,39.7,2.9
Thailand,1.86,26.5,88.3,113.6,82.1,39.4,18.4,3.7,,1.84,11.0,2.46,2.05,3.5,,0.117,12.3,26.7,35.1,2.1
Togo,5.14,80.3,211.5,248.8,211.0,159.8,84.6,32.8,,5.04,12.5,0.71,0.22,4.4,,0.249,11.4,25.6,40.1,2.9
Tonga,3.00,41.6,157.3,182.9,129.7,61.2,21.6,5.7,,2.99,12.1,1.39,1.62,2.7,,0.194,13.4,25.9,34.5,2.7
Trin & Tobago,1.80,15.0,71.0,121.1,97.2,40.0,13.3,2.0,,1.79,15.2,2.39,2.62,5.5,,0.127,13.5,28.8,35.1,1.6
Tunisia,1.94,11.8,72.4,129.8,107.7,46.7,17.4,3.0,,1.92,15.7,2.41,2.63,5.1,,0.137,14.4,28.8,35.5,2.1
Turkey,2.07,26.7,105.9,131.9,97.0,38.7,12.8,1.3,,2.08,12.1,2.58,2.45,4.2,,0.140,12.9,26.8,34.3,4.6
Turkmenistan,3.54,22.5,195.7,235.4,153.2,73.2,24.4,3.8,,3.54,15.7,0.71,1.43,1.5,,0.254,16.2,25.3,33.8,1.1
Turks & Caicos ,3.18,64.8,175.8,174.7,112.2,75.4,29.7,3.8,,3.17,13.0,0.66,0.88,2.9,,0.188,13.5,23.7,34.9,2.9
Tuvalu,3.07,27.4,185.0,210.9,123.1,55.4,7.2,4.9,,3.08,14.9,0.89,1.89,3.0,,0.233,15.6,25.3,32.7,3.0
Uganda,6.80,198.8,315.0,310.2,245.2,175.0,87.5,28.3,,6.83,8.8,0.76,0.37,2.8,,0.324,8.0,23.2,38.3,1.8
Ukraine,1.32,51.0,111.6,62.7,26.5,9.3,1.9,0.1,,1.32,16.4,0.14,2.18,0.6,,0.129,17.0,19.4,27.2,0.9
United Arab Emir,3.16,38.3,139.7,184.3,156.5,83.5,24.9,5.2,,3.18,11.3,2.79,1.95,4.1,,0.195,12.1,27.5,36.2,4.5
United Kingdom,1.73,26.9,77.1,109.8,88.0,35.3,7.3,0.5,,1.74,12.7,3.25,2.53,9.3,,0.117,9.8,28.7,34.8,3.7
United States,2.07,58.6,113.0,113.6,85.6,35.5,7.0,0.4,,2.14,4.2,3.66,1.96,6.9,,0.125,5.0,26.0,34.1,7.0
Uruguay,2.35,49.3,115.7,135.2,99.2,54.1,15.7,1.6,,2.39,7.8,3.99,2.07,2.1,,0.141,9.2,26.4,35.3,2.3
Uzbekistan,3.03,57.7,243.3,157.7,102.6,34.0,7.4,2.8,,3.06,18.5,0.01,1.40,6.1,,0.264,18.3,19.6,29.4,5.5
Vanuatu,3.08,37.9,136.7,175.9,140.6,81.1,33.6,10.6,,3.05,11.8,1.42,1.19,2.4,,0.181,12.8,26.7,36.7,1.9
Venezuela,2.41,49.7,116.6,137.4,106.2,51.3,18.0,2.8,,2.44,8.0,3.70,2.03,4.0,,0.144,8.7,26.8,35.3,2.9
Vietnam,2.44,26.5,129.0,154.8,103.0,49.7,23.6,2.0,,2.43,13.9,0.98,1.45,2.3,,0.163,14.6,25.7,34.3,1.7
Virgin Isl (US),2.24,47.1,96.0,141.2,107.9,43.2,10.9,0.8,,2.26,11.3,3.71,2.42,12.3,,0.145,6.7,29.0,34.8,1.2
Virgin Isl (UK),1.72,29.8,79.7,111.7,76.7,33.3,10.2,2.1,,1.71,12.3,3.48,2.66,6.4,,0.114,10.3,27.7,34.4,1.0
West Bank,4.77,84.3,243.0,247.2,198.5,127.6,49.8,4.1,,4.80,13.0,0.68,0.62,1.9,,0.265,13.2,24.2,36.9,2.5
W. Sahara,6.64,123.0,293.9,315.1,267.4,200.4,95.4,33.6,,6.57,12.5,0.63,0.25,2.1,,0.323,11.5,24.7,39.5,2.4
Yemen,6.90,74.0,278.4,327.2,291.9,231.0,120.2,57.1,,6.72,14.7,0.50,0.06,4.0,,0.330,13.8,25.2,41.0,3.6
Zambia,5.43,136.0,247.7,250.8,209.2,154.6,67.5,20.7,,5.45,9.8,0.79,0.34,1.6,,0.262,8.8,24.1,38.8,2.3
Zimbabwe,3.21,11.0,179.2,171.0,129.3,97.8,41.2,13.1,,3.18,18.4,0.15,0.38,2.9,,0.187,18.7,21.4,37.4,3.5
